{
    "manifestVersion": 5,
    "id": "DWFiv3.WhittierSawMill",
    "name": "DWFiv3's Saw Mill",
    "version": "1.2.4",
    "updateUrl": "https://raw.githubusercontent.com/DWFiv3/DW5SawMill/refs/heads/main/update/update.json",
    "requires": [
        {
            "id": "railloader",
            "notBefore": "1.8.2.1"
        },
        {
            "id": "Zamu.StrangeCustoms",
            "notBefore": "1.7.24194.2259"
        }
    ],
    "conflictsWith": [
        "DW5.WhittierSawMill",
        "Sneaky.WoodChipC2Extension",
        "Sneaky-JSALAAMI.SawMillExtension"
    ],
    "mixintos": {
        "game-graph": [
            "file(DW5SawMill.json)"
        ],
    "progressions": "file(progressions.json)"
    }
}
