{
    "manifestVersion": 5,
    "id": "DWFiv3.WhittierSawMill",
    "name": "DWFiv3's Saw Mill",
    "version": "1.2.2",
    "updateUrl": "https://raw.githubusercontent.com/DWFiv3/DW5SawMill/main/update/update.json",
    "requires": [
        {
            "id": "Zamu.StrangeCustoms",
            "notBefore": "1.8.0.0"
        },
        {
            "id": "AlinaNova21.AlinasMapMod",
            "notBefore": "1.4.24193.2211"
        }
    ],
    "conflictsWith": [
        "Sneaky.WoodChipC2Extension",
        "Sneaky-JSALAAMI.SawMillExtension"
    ],
    "mixintos": {
        "game-graph": [
            "file(DW5SawMill.json)"
        ],
    "progressions": "file(progressions.json)"
    }
}
